sentence,paraphrased,label
"Designing products, packaging and processes for durability, reuse, recycling and circularity.","creating durable, reusable, recyclable, and circular products, packaging, and processes.",PW
"In many cases, this means removing trees in areas where trees had been pruned in the past.",This frequently entails cutting down trees in locations where they had previously been clipped.,NC
You must also present your proposal in person at the 2011 annual meeting.,"Additionally, you must physically deliver your proposal at the 2011 annual meeting.",CG
"We strive for Zero Harm with our entire workforce, which includes contractors.","With our whole workforce, including contractors, we strive towards Zero Harm.",HC
"In total, 15 percent of the tin shipped in our products in 2019 came from recycled sources.","In sum, recycled tin made about 15% of the tin that was supplied in our products in 2019.",PW
Chevron complies with all registration and reporting regulations related to our lobbying activities.,Chevron abides by all rules requiring registration and reporting of our lobbying activity.,BE
The liability is not estimable because Xcel Energy intends to utilize these properties indefinitely.,"Because Xcel Energy plans to use these properties indefinitely, the liability is not estimable.",N
This time period starts when the consumer begins to experience financial difficulty.,This time frame begins when the customer first encounters financial difficulties.,N
"In early 2018, we also launched the Ball Recycling Can Challenge.",We also introduced the Ball Recycling Can Challenge at the beginning of 2018.,PW
The Corporation has and will continue to maintain the Business Conduct and Ethics Code.,The Business Conduct and Ethics Code is something that the Corporation has and will keep up with.,BE
Diversity and inclusion is a core company value at all levels.,"At all levels, diversity and inclusion are essential organizational values.",BE
"This enables us to acquire, retain, develop and engage the best talent to help us succeed and grow.","This makes it possible for us to find, keep, nurture, and work with the best talent to advance and expand.",HC
Residential natural gas consumption figures are multiplied with the most recent EPA emission factor.,The most recent EPA emission factor is multiplied by statistics for residential natural gas consumption.,CC
Citi also recognizes that loss of biodiversity globally is an increasing emergency.,Citi acknowledges that the loss of biodiversity is a growing global emergency.,NC
The Management Development and Compensation Committee held six meetings during fiscal year 2006.,"Throughout the 2006 fiscal year, the Management Development and Compensation Committee met six times.",CG
Process safety is an intrinsic part of our SH&E policy.,Our SH&E policy has an inherent component related to process safety.,HC
"In 2016, we implemented an energy training program and conducted training for 19 supplier sites.",We put into place an energy training program in 2016 and trained 19 supplier sites.,CC
Thousands of units are tested in our Reliability Testing Lab to inform the design of our products.,"At order to guide the design of our goods, thousands of units are tested in our Reliability Testing Lab.",PL
Automobiles are some of the most highly recycled consumer products in the world.,Automobiles are among the consumer goods that are recycled the most globally.,PW
We are now four times safer as a company than we were in 2003.,"As a corporation, we are now four times safer than we were in 2003.",HC
"By increasing crop yields, we help limit the conversion of carbonsequestering forests into farmland.",We reduce the conversion of carbon-sequestering forests into cropland by boosting crop yields.,NC
That’s why we partner closely with our suppliers through our Clean Water Program.,"That is why, through our Clean Water Program, we work closely with our suppliers.",NC
"When hiring for senior management, we may consider qualified candidates from across the globe.",We may take qualified applicants from all over the world into consideration when hiring for senior management.,CG
CO2e Emissions per Product (kg) We’ve decreased carbon emissions per product every year since 2011.,"Emissions of CO2e per Product (kg) Since 2011, we've reduced carbon emissions per product every year.",CC
The Code limits pension benefits based on an annual compensation limit.,The Code establishes an annual compensation cap for the limitation of pension benefits.,BE
We consider these educational partnerships also to be strategic investments in local communities.,These collaborative educational efforts are also seen by us as strategic investments in the neighborhood.,CR
Project stakeholders are working to reduce the incidental capture of sea turtles.,Project participants are making an effort to minimize sea turtles that are accidentally captured.,NC
Fundamental to our associates’ experience is diversity and inclusion.,Diversity and inclusion are essential to the experience of our associates.,HC
This decreased a key stream of waste coming to the site and reduced disposal costs as well.,This minimized a significant stream of rubbish entering the site and lessened the cost of disposal.,PW
La Mer is committed to protecting ocean habitats across the globe.,La Mer is dedicated to safeguarding ocean environments all around the world.,NC
We had no breaches of antitrust in 2016.,"In 2016, there were no antitrust violations.",BE
The investigation confirmed many of the allegations.,Many of the charges were supported by the investigation.,BE
"Sales decreased $176.7 million due to divestitures, net of acquisitions.","Net of acquisitions, sales were down $176.7 million as a result of divestitures.",N
Find out more about our work to promote access to water and sanitation.,Learn more about our efforts to advance access to sanitary facilities and water.,NC
We will also remain committed to transparency on safety issues and post-marketing research.,"Additionally, we will continue to be committed to being open about post-marketing studies and safety concerns.",PL
Approximately one in five household shopping bags full of food gets wasted each day.,"Every day, about one in five family shopping bags of food are wasted.",PW
"Worldwide, an estimated 1.3 billion metric tons of food are wasted each year.",An estimated 1.3 billion metric tons of food are lost every year in the world.,PW
Reduced transportation fuel usage rate by 25% since 2009.,25% less transportation petroleum has been used since 2009.,CC
"Through these fundraising efforts, Apache employees have raised more than $1.3 million to combat MS.",Over $1.3 million has been raised for the fight against MS by Apache workers as a result of these fundraising initiatives.,CR
Taste of the Nation has raised more than $100 million to fight hunger since 1988.,"Since 1988, Taste of the Nation has raised more than $100 million to help end hunger.",CR
IPG experienced no monetary losses from consumer privacy-related legal proceedings.,IPG suffered no financial losses as a result of legal actions involving consumer privacy.,PL
Synopsys Privacy Policy: Synopsys does not use personal information for secondary purposes.,"Personal information is not used by Synopsys for unrelated purposes, according to its privacy statement.",PL
The repurchase right lapses as to approximately 834 shares per month.,"Every month, the buyback right expires with regard to about 834 shares.",CG
Our Privacy Statement provides important information about how we manage personal information.,Important details regarding how we handle personal information are provided in our privacy statement.,PL
Proceeds from all sales were donated to organizations supporting girls in soccer.,All profits were contributed to groups that help females playing soccer.,CR
"In total, these programs directed 47,000 metric tons of e-waste to recycling globally in 2019.","47,000 metric tons of e-waste were sent to recycling globally in 2019 as a result of these efforts.",PW
"Cost of sales as a percentage of total net sales was 25.2%, which is the same as in fiscal 2007.","Cost of sales was 25.2% of total net sales, the same as in fiscal 2007.",N
Our long-term direction is to significantly and cost effectively reduce our energy consumption.,Our long-term goal is to cut our energy usage significantly and profitably.,CC
"Combined, the two programs have recycled more than 120,000 litres of oil.","More than 120,000 liters of oil have been recycled between the two initiatives.",PW
Rules of conduct will be provided to you at the annual meeting of stockholders.,You will get the rules of behavior at the annual stockholders meeting.,BE
"We have a long history of investing in grid reliability, resilience and security.","We have a history of making investments in the security, resilience, and reliability of the grid.",PL
This helps kids start school on an equal footing.,Kids can begin school on an equal basis thanks to this.,CR
These results were third-party verified and registered with The Climate Registry in early 2011.,"Early in 2011, these outcomes were independently examined and registered with The Climate Registry.",CC
Recommendation: Enhance reporting to demonstrate a customer-centric approach to safety and security.,"Enhance reporting to show a customer-centric approach to safety and security, it is advised.",PL
"By fiscal 2011, we successfully reduced our energy usage rate 6 percent from our 2005 baseline.",We were able to successfully cut our energy consumption rate by 6% from our 2005 baseline by fiscal 2011.,CC
All employees work under an incentive bonus plan that rewards them for doing things right.,Every employee is subject to an incentive bonus program that pays them for doing the right thing.,HC
We do this to improve our understanding of how to make driving safer for everyone.,"By doing this, we can better understand how to make driving safer for all people.",PL
The Board held six meetings during 2008.,"In 2008, the Board met six times.",CG
UDR made no political contributions to candidates in 2020.,"In the 2020 election, UDR did not support any candidates financially.",BE
Seven meetings of the Committee were held in 2000.,"In 2000, the Committee had seven meetings.",CG
Four meetings of the Committee were held in 2000.,"In 2000, the Committee had four meetings.",CG
"Over the past five years, we have continued to invest in growth and development for all employees.",We have kept up our investment in all employees' growth and development throughout the last five years.,HC
"Because your vote is advisory, it will not be binding upon the board.","Your vote is advisory, therefore the board won't be bound by it.",CG
We are constantly focused on working safer and working smarter.,Our ongoing goals are to work more safely and intelligently.,HC
Huntington has earned a reputation for strong community involvement and innovative civic leadership.,Huntington is known for its active civic participation and creative civic leadership.,CR
Anti-Competitive Behavior Fair competition is upheld by our policies and the law.,Competitive Discrimination Our rules and the law protect fair competition.,BE
For Agilent overall we have decreased our infrastructure costs compared to 2006 by $115 million.,"Overall, Agilent has saved $115 million on infrastructure costs compared to 2006.",N
These executive officers also attend meetings of the committee.,These executive executives are present at committee meetings as well.,CG
"In 2013, more than six million cans were collected, raising more than $130,000 for charities.","More than six million cans were collected in 2013, resulting in a donation to charity of more than $130,000.",CR
Mr. Holsten does not receive compensation for serving on the Government Affairs Committee.,"For his work on the Government Affairs Committee, Mr. Holsten is not paid.",CG
We donated the structure and are helping to finance the cost of its relocation.,We donated the building and are contributing to the expense of moving it.,CR
We are particularly committed to the economic well-being of the communities where we operate.,The economic prosperity of the communities in which we work is something to which we are especially dedicated.,CR
That initiative subsidized the development of public policies in the State.,The creation of state public policy was supported by this project.,CR
The transition tax can be paid over eight years.,Eight years may pass before paying the transition tax.,N
"In the arid regions of western China, water shortages contribute to general poverty.",Water scarcities in western China's dry regions are a factor in the country's overall poverty.,NC
Our jobs are vital to the communities we serve.,"For the communities we serve, our jobs are essential.",CR
"Since 2016, we have donated more than $63 million through our philanthropic giving efforts.","Through our charitable giving initiatives, we have given more than $63 million to charity since 2016.",CR
Customer Service to start an online recycling program for unwanted electronics.,Customer service to launch an online electronics recycling program.,PW
"We currently have nine directors, including eight non-employee directors.","There are now nine directors on our board, including eight outsiders.",CG
Credits amounting to $28.1 million were recognized for electric customers for 2002.,Electric users received credits totaling $28.1 million during 2002.,N
"At each Annual Meeting of Shareholders, one class of directors is elected for a three-year term.","Each year, one class of directors is chosen for a three-year term at the annual meeting of shareholders.",CG
Road safety is one of the top social issues in China and is an important issue for our customers.,"For our consumers, road safety is a crucial problem because it is one of China's most pressing social challenges.",PL
Pitney Bowes is committed to protecting the privacy of personal and sensitive information.,Pitney Bowes is dedicated to safeguarding the confidentiality of sensitive and personal data.,PL
Days' sales outstanding were 50 days in 2010 as compared to 46 days in 2009.,Days' sales outstanding increased from 46 to 50 in 2010 from 46 in 2009.,N
The plant uses treated wastewater to make steam in boilers throughout the refinery.,"To generate steam for the refinery's boilers, the plant uses treated wastewater.",PW
"In general, less than 1 to 2 percent of our total water withdrawals are potable water.","In general, just 1% to 2% of our total water withdrawals are considered potable.",NC
"On an ongoing basis, we have a variety of emissions reduction activities underway.",Various emissions reduction initiatives are ongoing at our company.,CC
The company does not expect the effect of adoption to be material.,The impact of adoption is not anticipated to be significant by the company.,N
We are using native grasses and other locally appropriat plants when reclaiming test well sites.,"When restoring test well sites, natural grasses and other regionally appropriate plants are being used.",NC
"The Audit Committee operates in accordance with a written charter, which was adopted by the Board.","A formal charter, approved by the Board, governs how the Audit Committee conducts its business.",CG
All of the Company's directors attended the 2003 Annual Meeting of Stockholders.,The 2003 Annual Meeting of Stockholders was attended by all of the Company's directors.,CG
Protection against cyberattacks is a top priority in our dynamic and technology-driven age.,"A significant priority in our fast-paced, technologically advanced day is protection against cyberattacks.",PL
None of our employees serve on this Committee.,There are no members of our staff on this Committee.,CG
We measure our carbon footprint and seek ways to reduce it.,We monitor and try to lessen our carbon footprint.,CC
We lead the industry in reducing or eliminating the harmful substances commonly used in electronics.,"In the electronics business, we take the lead in lowering or removing the dangerous materials.",PL
The Corps’ activity allowed poor-quality water to approach the Turk Plant’s water intake system.,"Due to the Corps' actions, the water intake system of the Turk Plant was exposed to subpar water.",NC
"Since our founding, Prologis has maintained a deeply held commitment to good governance.",Prologis has remained steadfastly committed to good governance since its inception.,BE
Climate change is one of the greatest threats facing our planet.,One of the biggest risks to our planet is climate change.,CC
"So far, our RECs have resulted in more than 51,800 metric tons of CO2 emission reductions.","Our RECs have decreased CO2 emissions by more than 51,800 metric tons thus far.",CC
Taking responsibility for safety doesn’t end at our facilities.,Our commitment to safety doesn't stop when you leave our facilities.,HC
And we will address emissions from electricity generation with renewable electricity.,"Additionally, we'll use renewable electricity to reduce emissions caused by the production of electricity.",CC
DTS equipment contribution increased slightly in 2016.,"In 2016, the DTS equipment contribution was slightly higher.",N
Ethical behavior is the cornerstone to a company’s well-earned success.,The foundation of a company's well-deserved success is ethical behavior.,BE
By building a diverse and inclusive workplace (U.N.,By creating an inclusive and diverse workplace (U.N.,HC
It contains Shareholder proposals as well as Executive compensation information.,It includes information on Executive remuneration as well as Shareholder motions.,CG
We aim to donate at least 1% of pre-tax earnings to charitable purposes every year.,"Every year, we try to donate at least 1% of our pre-tax income to charity causes.",CR
This means establishing appropriate limits for individual consumers requesting credit.,This entails setting reasonable restrictions for every credit-seeking customer separately.,PL
"Through our solutions, we’re contributing to low power technological capabilities.",We are advancing low power technological capabilities through our solutions.,CC
General Mills has additional privacy policies specific to other parts of our business globally.,General Mills has other privacy rules that are particular to various overseas divisions of our business.,PL
Our giving does not end with our financial contributions.,Our charitable generosity extends beyond monetary donations.,CR
We support equal opportunities for employment and the elimination of discrimination in all forms.,We are in favor of the abolition of all types of discrimination as well as equal employment opportunities.,HC
This has significantly improved the quality of effluent leaving our plant.,The effluent exiting our facility now has much better quality as a result of this.,PW
He therefore receives no separate compensation for his service as director.,"As a result, he doesn't be paid separately for acting as director.",CG
All of the 12 nominees for director are incumbent directors.,The 12 candidates for director are all currently serving directors.,CG
We adhere to all applicable data protection and privacy laws worldwide.,"We abide by all local, national, and international data protection and privacy regulations.",PL
The MCC solicits input from the CEO concerning the performance and compensation of other NEOs.,"Regarding the effectiveness and pay of other NEOs, the MCC requests feedback from the CEO.",CG
Estimated gallons of diesel fuel we saved in calendar 2009 by converting truck freight to rail.,Estimated amount of diesel fuel we saved in 2009 through switching from trucking to rail freight.,CC
We immediately got to work identifying ways to help our customers weather this new type of storm.,We started looking for solutions right away to assist our clients in navigating this new kind of storm.,PL
We also consume water for landscape irrigation at some of our facilities.,"At several of our facilities, we also use water for irrigation of the landscaping.",NC
We support these efforts through team and individual volunteer grants.,We provide team and individual volunteer grants to assist these initiatives.,CR
"In 2021, we executed multiple pulse surveys and one larger survey to gauge employee sentiment.","We conducted numerous pulse surveys as well as a single, bigger poll in 2021 to determine employee attitude.",HC
OUR EXECUTIVE COMPENSATION PROGRAM DOES NOT ENCOURAGE EXCESSIVE RISK-TAKING.,NO EXCESSIVE RISK-TAKING IS ENSCOURAGED BY OUR EXECUTIVE COMPENSATION PROGRAM.,CG
The global regulatory and compliance landscape continually evolves.,The regulatory and compliance landscape on a worldwide scale is always changing.,BE
The safety of our team is our number one priority.,Our top priority is the wellbeing of our employees.,HC
"More than 7,000 employees have recorded over 250,000 blood pressure and weight readings since 2009.","Since 2009, over 7,000 workers have logged over 250,000 weight and blood pressure measurements.",HC
Relying on publicly available data does not provide a complete picture of political expenditures.,Relying just on data that is openly accessible does not give a complete picture of political spending.,BE
"During construction, 94 percent of building demolition waste was either reused or recycled.",94 percent of the debris generated by building demolition during construction was recycled or utilized.,PW
KUSA has helped raise more than $1 million for Food Bank of the Rockies since early 2020.,"Since the start of 2020, KUSA has assisted in raising more than $1 million for the Food Bank of the Rockies.",CR
"Basic net income (loss) per common share was $1.73 for 1999, as compared to $(1.34) in 1998.","In comparison to $(1.34) in 1998, basic net income (loss) per common share for 1999 was $1.73.",N
Growth in the Asia Pacific segment was affected by the timing of iPhone and iPad product launches.,The timing of the iPhone and iPad product debuts had an impact on segment growth in the Asia Pacific region.,N
"In 2020, Facebook locally restored nearly 2.2 million cubic meters in high water-stressed regions.","Locally, Facebook restored about 2.2 million cubic meters in areas with high water stress in 2020.",NC
A key issue in maintaining that trust is data privacy and security.,Data security and privacy are a crucial concern in upholding that trust.,PL
"As we shut down the equipment, the assets' fair values were determined to be zero.",The fair values of the assets were assessed to be zero when we turned down the machinery.,N
The Safety and Compliance Oversight Committee held six meetings during 2014.,2014 saw six meetings of the Safety and Compliance Oversight Committee.,CG
Cash held as restricted will no longer be required once payment has been made.,"Once the payment has been paid, the limited cash will no longer be needed.",N
Remanufacturing Our company has a long legacy of product remanufacturing and recycling.,Remanufacturing Our business has a long history of recycling and product remanufacturing.,PW
Our customers expect AT&T to protect their information and respect their privacy.,Our clients anticipate that AT&T will safeguard their data and uphold their privacy.,PL
This also includes an open and ethical approach to the marketing of our products and services.,This includes selling our goods and services in an honest and morally sound manner.,BE
We have tracked the annual CO2 emissions of IPG business travel in the past.,The annual CO2 emissions from IPG corporate travel have previously been monitored.,CC
"As a result, councils across the company have created mentoring programs to support employee growth.","As a result, councils from all throughout the business have developed mentorship programs to aid in employee development.",HC
"At peak construction and fabrication, FGP-WPMP will generate around 20,000 jobs.","Around 20,000 jobs will be created by FGP-WPMP during the height of construction and fabrication.",HC
Waste is minimized and leveraged as a source of income and innovation.,Waste is reduced and used as a catalyst for innovation and revenue.,PW
Apache places a high priority on investing in t he regions where we operate.,The importance of investing in the areas where Apache operates cannot be overstated.,CR
Over 80 percent of the new campus is open space with more than 9000 drought-tolerant trees.,More than 9000 trees that can withstand drought cover more than 80% of the new campus's open space.,NC
We place the highest importance on maintaining compliance with competition laws globally.,The upkeep of global compliance with competition rules is of utmost concern to us.,BE
It must encourage and reward only performance that meets high ethical standards.,It must only support and honor performance that adheres to high moral standards.,BE
Measured data is waste that has been weighed.,Waste that has been weighed is measured data.,PW
Our company culture has always been based on the highest level of ethical conduct.,The highest standards of ethical behavior have always been the cornerstone of our company culture.,BE
Water is essential for the production of electricity.,The creation of electricity depends on water.,NC
The data will provide area college students with scientific research opportunities.,The information will open up prospects for scientific research for college students in the area.,CR
And the high volume of reusable trays made them more economical than using new ones.,"In addition, they were more cost-effective than utilizing new ones due to the enormous volume of reusable trays.",PW
We conserve and protect resources by sustainably sourcing the raw materials we use in our products.,"By obtaining the raw ingredients for our goods from sustainable sources, we protect and conserve resources.",NC
The NOV alleged that this facility failed to properly label drums of hazardous waste and used oil.,The NOV claimed that this facility failed to designate barrels of old oil and hazardous material appropriately.,PW
"We test all our products, and place special attention on materials that come in skin contact.","We examine every one of our products, paying particular attention to components that come into contact with the skin.",PL
We take every opportunity to get better at what we do and learn how to work safer.,We seize every chance to improve our skills and acquire safer working practices.,HC
The total amount of waste (hazardous & non-hazardous) in metric tons by type for recycling.,The total amount of recyclable waste (both hazardous and non-hazardous) in metric tons.,PW
"Of the electricity that powers our global facilities, 96 percent comes from renewable sources.",96 percent of the electricity that runs our facilities across the world is generated from renewable resources.,CC
"During 2003, cash of $233 million was used in financing activities, primarily to reduce debt.","A total of $233 million in cash was utilized in financing activities in 2003, mainly to pay off debt.",N
"As a participant in the plan during 2001, Mr. Deming earned an annual incentive award of $900,000.","Mr. Deming received a $900,000 yearly incentive payout as a plan participant in 2001.",HC
This does not include renewable energy from the local electricity grid.,The local electrical grid's renewable energy is excluded from this.,CC
We also donated books to the center’s library.,"Additionally, we provided books for the center's library.",CR
Employees are also eligible to participate in a pension plan as well as a 401(k) or equivalent plan.,Both a 401(k) or comparable plan and a pension plan are open to participation by employees.,HC
"In FY20, we reduced the waste diverted from landfills by our distribution centers.",We decreased the amount of waste that our distribution facilities kept out of landfills in FY20.,PW
"Benefit the environment by supporting biodiversity, habitat, or water.","Supporting habitat, water, and biodiversity can help the ecosystem.",NC
"For nearly 50 years, Southwest has connected People and championed communities.",Southwest has promoted communities and connected people for almost 50 years.,CR
"In 2018, we provided more than $6 billion in loans for affordable housing projects in the U.S.","For affordable housing developments in the United States in 2018, we offered loans totaling more than $6 billion.",CR
These expense increases were partially offset by increases in gross profit dollars.,Increases in gross profit dollars partially offset these expense increases.,N
All of our final assembly sites now use these safer cleaners.,These safer cleansers are now used at all of our final assembly locations.,PL
The effective income tax rate for fiscal 2012 was 31.8% as compared with 31.4% in the prior year.,"In comparison to the previous year, the effective income tax rate for fiscal 2012 was 31.8% as opposed to 31.4%.",N
We recruit diverse talent through digital platforms and direct outreach.,"Through internet platforms and direct outreach, we find diverse talent.",HC
Investments have been made in arenas such as local capacity building and health and welfare.,Investments have been made in areas including health and welfare and local capacity building.,CR
Reduce energy intensity by 50% from 2006 to 2020.,"From 2006 to 2020, reduce energy intensity by 50%.",CC
"Currently, more than 80% of our executives are sponsors and participate in these BRGs.",Over 80% of our CEOs already sponsor and take part in these BRGs.,CG
"We believe in, and act with, positive intention to create an environment of trust and integrity.",We act in a way that fosters integrity and trust because we firmly believe in it.,BE
"To date, we have achieved rough gender parity across our employee base.",We currently have around equal gender representation across all of our employees.,HC
"In 2018, Boston Properties generated more than 1 million kWh renewably onsite.",Boston Properties produced more than 1 million kWh on-site using renewable energy in 2018.,CC
We urge Southwest to expand its lobbying disclosure.,We compel Southwest to increase the scope of its lobbying disclosure.,BE
Following are some of the significant terms of the Agreements.,The important provisions of the Agreements are listed below.,N
"Directors, officers, and employees certify annually that they will comply with the code.","Every year, directors, officers, and workers certify that they will abide by the code.",BE
AT&T complies with all applicable Federal and state laws concerning political contributions.,"Regarding political donations, AT&T complies with all relevant federal and state regulations.",BE
Privacy regulations restrict collection of this information in many countries.,"In many nations, data collecting is constrained by privacy laws.",PL
"Additionally, $50 million will be available for issuance of letters of credit.",$50 million will also be made available for the issue of letters of credit.,N
The station told the stories of specific seniors in need and the community volunteers who help them.,The station featured the tales of particular elderly people in need and the neighborhood volunteers who assist them.,CR
The Audit Committee met 18 times during 2004.,"In 2004, the Audit Committee met 18 times.",CG
"We take precautions to protect wetlands, threatened and endangered species, and cultural resources.","We take efforts to safeguard cultural artifacts, threatened and endangered species, and wetlands.",NC
"Apache leads the inflatable-boom deployment training on a supply vessel in Chaguaramas, Trinidad.","Apache directs the training for the deployment of an inflatable boom aboard a supply ship in Chaguaramas, Trinidad.",HC
"Our absolute energy usage increased by just 5 percent since 2005, while net sales rose 57 percent.","While net sales have climbed by 57% since 2005, our absolute energy use has only increased by 5%.",CC
"Our integrated composting program diverts roughly 2,600 tons of organic material from landfills.","About 2,600 tons of organic material are kept out of landfills thanks to our integrated composting program.",PW
The volume of petroleum spilled was less than half that of nonhurricane-related spills in 2005.,Less than half as much petroleum was spilled in 2005 during non-hurricane events.,PW
"Increasing waste per unit in our distribution centers, which represents 27 percent of our index 3.","Our distribution locations are producing more trash per unit, which accounts for 27% of our index 3.",PW
A group at PB India found a painless way to collect funds for children from poor families.,A team at PB India devised a simple method of raising money for children from low-income homes.,CR
"In three years, we’ve reduced our plastic use in U.S. product packaging by 48 percent.",We cut the amount of plastic used in product packaging in the United States by 48% in just three years.,PW
This acquisition enabled us increase in our water usage rates.,We were able to enhance our water usage rates thanks to this acquisition.,NC
"Since 2015, we’ve reduced our plastic used in our packaging by 58 percent.",We have cut the amount of plastic used in our packaging by 58 percent since 2015.,PW
Recycled  nd reused water is defined as water used for a new or similar purpose.,Water that has been recycled or reused has been used for a different or related purpose.,NC
We coat all new pipelines with modern coating systems that act as the primary barrier to corrosion.,"All brand-new pipes are coated with cutting-edge coating techniques, which serve as the main defense against corrosion.",PL
"Zero Harm means achieving zero injuries, zero occupational illnesses and zero fatalities.","Achieving zero harm entails preventing all accidents, illnesses related to the workplace, and fatalities.",HC
The global customer privacy policy sets out Agilent's privacy strategy.,Agilent's privacy strategy is outlined in the global customer privacy policy.,PL
Alliance Data has reduced GHG emissions by 28% since 2014.,"Since 2014, Alliance Data has decreased GHG emissions by 28%.",CC
We recommended the preservation of a wildlife area protected by a landscaped screening ridge.,We suggested that a wildlife area that is screened by a manicured ridge be preserved.,NC
Paper made from 100% recycled fibers.,Paper manufactured entirely from recycled materials.,NC
"So far, they’ve raised more than 90,000 Indian rupees in support of a local orphanage.","They have already contributed more than 90,000 Indian rupees to a nearby orphanage.",CR
"In the spring of 2017, we held a fundraiser in Houston for the AERF.",We organized a fundraiser for the AERF in Houston in the spring of 2017.,CR
Minimize use of freshwater resources in water-stressed locations.,Reduce the usage of freshwater resources in areas with limited water supply.,NC
We’re preserving the planet’s valuable resources.,The priceless riches of the planet are being preserved.,NC
"The Company currently follows APB 25 in accounting for stock-based compensation, as disclosed above.","As mentioned above, the Company currently accounts for stock-based remuneration in accordance with APB 25.",N
Apprenticeship training has proven to be a safe and effective way to reduce skilled labor shortages.,Reduced skilled labor shortages can be achieved safely and effectively through apprenticeship training.,HC
The maturities of the commercial paper vary but may not exceed 397 days from the date of issue.,"The commercial paper has a range of maturities, although they cannot go beyond 397 days from the date of issue.",N
Our effective tax rate for 2003 was 43.02 percent compared to 38.34 percent for the prior year.,"In comparison to the previous year, our effective tax rate for 2003 was 43.02 percent as opposed to 38.34 percent.",N
All prior period information has been presented on the same basis.,Information from earlier periods has been provided consistently.,N
All global actors need to take immediate action to combat climate change.,"To stop climate change, all global actors must act right away.",CC
Index (SAIFI) represents the number of interruptions experienced by customers in a year.,The SAIFI Index (SAIFI) shows how many interruptions clients experience annually.,PL
"Hence, our focus lies in our emissions from operations and supply chain issues.",We concentrate on supply chain challenges and emissions from operations.,CC
We continue to explore other ways to increase recycling throughout our portfolio.,We keep looking into new opportunities to improve recycling across our portfolio.,PW
Allegations of retaliation will be investigated and appropriate action will be taken.,"Retaliation claims will be looked into, and the proper measures will be taken.",BE
We provide consumer and business tip sheets to support their privacy and security.,"To assist consumers' privacy and security, we offer business and consumer tip sheets.",PL
The system uses programmable logic controllers and zoning to further reduce energy consumption.,Zoning and programmable logic controllers are used in the system to further cut down on energy utilization.,CC
CSF seeks to reduce financial barriers low-income students face by awarding need-based scholarships.,CSF awards need-based scholarships in an effort to lessen the financial obstacles that low-income students must overcome.,CR
Our Hermosillo Stamping and Assembly Plant (HSAP) in Mexico is located in a water-stressed area.,"Our Mexico facility, the Hermosillo Stamping and Assembly Plant (HSAP), is situated in a dry region.",NC
Only workers with a legal right to work shall be employed or used by a supplier.,A supplier may only hire or use individuals who are legally entitled to work.,HC
"By recycling these materials, we can prevent a significant amount of these impacts.",We can greatly reduce many of these effects by recycling these materials.,PW
Other offices are pursuing creative approaches to reducing waste.,Other workplaces are seeking innovative strategies to cut waste.,PW
"We have made progress, but there is more to do, particularly on the climate change front.","Even while we have achieved progress, there is still work to be done, notably in the area of climate change.",CC
"For example, Caterpillar spent $547,756 on lobbying in California from 2010 2018.","For instance, from 2010 to 2018, Caterpillar spent $547,756 on lobbying in California.",BE
We have increased our use of produced water and brackish water for drilling operations in our U.S.,"In the United States, we now use more produced water and brackish water for drilling operations.",NC
One of Ball’s core values and most important cultural assets is integrity.,Integrity is one of Ball's key principles and its most significant cultural asset.,BE
A corporate compliance policy committee governs the companywide compliance program.,The company-wide compliance program is overseen by a corporate compliance policy committee.,CG
"The event targeted students from 9 to 14 years of age and attracted more than 19,000 visitors.","More than 19,000 people attended the event, which catered to students between the ages of 9 and 14.",CR
Our suppliers are also implementing freshwater alternatives.,"Additionally, our suppliers are using freshwater substitutes.",NC
"Through this involvement, we have recently signed on to the REBA Commercial Real Estate Principles.",We just endorsed the REBA Commercial Real Estate Principles as a result of this involvement.,CC
GOAL: Reduce water consumption intensity by 50 percent from 2006 to 2020.,"OBJECTIVE: From 2006 to 2020, reduce water usage intensity by 50%.",NC
It is processed elemental chlorine-free and produced using wind energy.,It is created using wind energy and processed without the use of elemental chlorine.,CC
"We’re protecting and restoring 27,000 acres of mangrove forest in Colombia.","In Colombia, we are preserving and regenerating 27,000 acres of mangrove forest.",NC
"For their service, outside directors receive an annual retainer, as described below.",Outside directors are compensated annually for their services in the manner that is detailed below.,CG
"In 2016, Kimco employees volunteered a total of 476 hours through this program.","Through this program, Kimco workers volunteered a total of 476 hours in 2016.",CR
"To date, more than 400 individuals representing more than 140 pack houses have received training.","More than 400 people, representing more than 140 pack households, have trained so far.",HC
"In August 2006, the Pension Protection Act of 2006 was signed into law.",The Pension Protection Act of 2006 was enacted into law in August of that year.,N
Long-tenure in a director is the opposite of independence.,Independence is the reverse of long-tenure in a director.,CG
The board may at any time and from time to time and in any respect amend or modify the 2007 Plan.,"The 2007 Plan may be amended or modified by the board at any time, periodically, and in any way.",CG
Thermo Electron is a Delaware corporation and was incorporated in 1956.,Thermo Electron was established in 1956 and is a Delaware corporation.,N
Our cost per case decreased $0.10 per case in fiscal 2014 as compared to fiscal 2013.,"In comparison to fiscal 2013, our cost per case dropped by $0.10 in 2014.",N
"To favor real circularity, higher fees for landfill and incineration are needed.",Higher prices for landfill and incineration are required to promote true circularity.,PW
"Going forward, Prologis will report progress toward converting the portfolio to 100% LED.",Prologis will update investors on its progress toward transitioning the portfolio to 100% LED in the future.,CC
"Creating innovative products from responsibly sourced, renewable resources.",developing cutting-edge products using renewable resources that have been sourced ethically.,NC
We do not experience significant seasonal variations in employment.,There are no noticeable seasonal differences in our workforce.,HC
"At Huntington, we are committed to acting with uncompromising integrity in all that we do.","At Huntington, we are dedicated to conducting ourselves with unwavering integrity in everything we do.",BE
Climate change is a serious issue that deserves a proactive response from Huntington .,Huntington should take proactive measures to address the major problem of climate change.,CC
We are committed to respecting customer privacy and using the information they share responsibly.,We pledge to uphold client privacy and appropriately handle whatever information they entrust us with.,PL
"Amy H. Nelson was appointed to the Board of Directors on February 5, 2014.","On February 5, 2014, Amy H. Nelson was added to the board of directors.",CG
"Our products are designed for a long lifetime of use, reuse and recycling.","Our items are made to last a very long time and may be recycled, reused, and used again.",PW
Apple buildings worldwide are LEED or BREEAM certified for environmental performance.,"For environmental performance, Apple buildings throughout the world have earned LEED or BREEAM certification.",CC
"Southwest has more than 1 ,500 cleanerburning pieces of GSE .","More than 1,500 cleaner-burning GSE are available from Southwest.",CC
Career development starts with our employees.,Our employees are where career development begins.,HC
Arista have not levied any fines or sanctions falling above this threshold.,Arista has not imposed any penalties or fines that go over this limi,BE
Reported GHG is in tCO2e instead of tCO2.,"Instead of tCO2, reported GHG is in tCO2e.",CC
We’ve been actively working on safer products since the late 1990s.,"Since the late 1990s, we have been actively working on safer products.",PL
Also included in Access Services revenue is Nasdaq Tools and Nasdaq Workstation Weblink.,Nasdaq Tools and Nasdaq Workstation Weblink revenue are also included in Access Services revenue.,N
Huntington is keenly aware of our exposure to carbon-intensive sectors.,Huntington is well aware of its exposure to industries with high carbon footprints.,CC
Water Focus on water quality and hydration.,Water Put an emphasis on hydration and water quality.,NC
Audit Committee--The Committee met four times in 1999.,The Audit Committee held four meetings in 1999.,CG
AFUDC increased $5 million for 2016 compared with 2015.,AFUDC increased by $5 million from 2015 to 2016 in that year.,N
Goodwill is reviewed for impairment on an annual basis or as circumstances warrant.,"Annually or as needed by the situation, goodwill is assessed for impairment.",N
We’ve decreased carbon emissions per product every year since 2011.,"Since 2011, we've reduced carbon emissions per product every year.",CC
"As a result, open-loop recycling came in 0.8% under target.","As a result, open-loop recycling fell 0.8% short of the desired level.",PW
The Safety and Compliance Oversight Committee held nine meetings during 2012.,"In 2012, the Safety and Compliance Oversight Committee met nine times.",CG
"Following seasonal trends, average daily share volume decreased in the summer of 2003.","The average daily share volume fell in the summer of 2003, in line with seasonal norms.",N
"Ms. Kennard currently serves on only two public company boards, including our Board.","Only two boards of publicly traded companies now have Ms. Kennard on them, including our Board.",CG
The Company has assumed that the expected long-term rate of return on plan assets will be 8.00%.,The company has predicted that the plan's assets will earn an expected long-term rate of return of 8.00%.,N
"Therefore, it is not possible to independently verify all Company political giving.","Since all Company political donations cannot be independently verified, this is not practicable.",BE
Our product’s carbon footprint per unit has fluctuated between FY15 and FY19.,"Between FY15 and FY19, our product's carbon impact per unit varied.",CC
"When there is not an existing alternative to a chemical we’ve determined harmful, we innovate.","When a substance that we have deemed dangerous lacks an existing substitute, we develop one.",PL
Increase commitment to funding programs and education for Black and African Americans by 30%.,Increase by 30% the commitment to sponsoring initiatives and educational opportunities for Black and African Americans.,CR
The fiber loss percentage in manufacturing units in 2018 was 0.7498%.,"In manufacturing facilities in 2018, the fiber loss percentage was 0.7498%.",PW
SFAS 158 did not affect our results of operations or cash flows.,Our operating or cash flow results were unaffected by SFAS 158.,N
This policy is included in our Business Conduct and Ethics Code.,Our Business Conduct and Ethics Code contains a reference to this policy.,BE
"From 2002-2007, the Committee used Deloitte Consulting LLP as its compensation consultant.",The Committee employed Deloitte Consulting LLP as its compensation advisor from 2002 to 2007.,CG
"In the U.S., we’ve increased our focus on buying products from local suppliers and farmers .","In the United States, we now place more emphasis on purchasing goods from regional producers and suppliers.",CR
"Safeguard privacy and personal data of customers, employees, and business partners.","Protect the privacy and personal information of clients, staff, and business partners.",PL
"In 2016, we hired 182 new employees.",We added 182 new employees in 2016.,HC
Agilent is unaware of any complaints regarding breaches of customer privacy and loss of data.,Agilent is not aware of any complaints about data loss or privacy violations involving customers.,PL
Some involve claims for substantial amounts of money and/or claims for punitive damages.,Some of them entail claims for large financial compensation and/or punitive damages.,N
"We note, too, that shareholders voted against the advisory vote on executive compensation in 2019.","Additionally, we observe that shareholders rejected the executive compensation advisory vote in 2019.",CG
The election of directors need not be by written ballot.,Directors may be chosen without using a written ballot.,CG
"ChevronTexaco employees and their families receive high-quality, comprehensive health care.",Health care for ChevronTexaco personnel and their families is of the highest caliber.,HC
The percentage of IPG employees covered by collective bargaining is zero – 0 percent.,There are nil to zero percent IPG employees who are subject to collective bargaining.,HC
We also support WWF’s initiative to advance the concept of science-based targets for forests.,We also support WWF's effort to advance the idea of scientifically based forest targets.,NC
Violations of these rules will subject us to significant penalties.,"If we break these restrictions, we'll be hit with heavy fines.",BE
The Compensation Committee also terminated its engagement of Mercer.,"Additionally, the Compensation Committee ended its contract with Mercer.",CG
Both of these segments delivered double digit operating margins in the fourth quarter of 2012.,"In the fourth quarter of 2012, both of these segments produced operating margins in the double digits.",N
A new Sysco app provides real-time alerts in the event of a recall or food safety issue.,Real-time alerts are provided by a new Sysco app in the case of a recall or problem with food safety.,PL
The Committee met three times during 2003.,"In 2003, the Committee convened three times.",CG
"International revenue, which represented 44% of revenue in 2002, decreased $197.1 or 6.8% from 2001.","International revenue, which accounted for 44% of total revenue in 2002, fell by $197.1 or 6.8% from the previous year.",N
See the Improving Fuel Economy section of the Sustainability Report 2020.,See the Sustainability Report 2020's section on enhancing fuel economy.,CC
Waste from electronic products (e-waste) poses a global threat to soil and water quality.,Water and soil quality around the world are threatened by electronic trash (e-waste).,PW
"Since 2008, Huntington Home Savers has helped more than 25,000 customers avoid foreclosure.","Huntington Home Savers has assisted more than 25,000 clients in avoiding foreclosure since 2008.",PL
The following efforts highlighted our community support work in 2020.,The following initiatives showcased our 2020 community support work.,CR
"In 2014, we did not make any contributions to political candidates.",We did not donate to any political candidates in 2014.,BE
The Committee Chairman reports on Committee actions and recommendations at Board meetings.,"At board meetings, the committee chairman presents an update on the committee's recommendations and actions.",CG
Our talent philosophy is simple – we invest in associates .,Our investment in associates is the cornerstone of our talent concept.,HC
Atmos Energy donated $1.5 million to quickly stock the shelves at local foodbanks .,"To help local foodbanks swiftly restock their shelves, Atmos Energy donated $1.5 million.",CR
Educational outreach efforts can help keep our customers and communities safe in case of emergency.,Outreach programs aimed at educating the public can contribute to the safety of our clients and the communities we serve.,PL
Our investments also ensure the reliability and security of the grid for customers today.,Our investments also guarantee the grid's dependability and security for customers right now.,PL
"As a result, we have chosen to not invest in expanding our merchant services business.","As a result, we have decided against making investments to grow our merchant services company.",N
Agilent is unaware of any complaints regarding breaches of customer privacy or loss of data.,Agilent is not aware of any complaints about data loss or privacy violations involving customers.,PL
Promote the use o f sustainability metrics in industry sourcing .,Encourage the use of sustainability metrics in procurement for industry.,NC
Reviews affiliations of directors and director candidates for possible conflicts of interest.,investigates potential conflicts of interest in the affiliations of directors and director candidates.,BE
We capitalized Arcata National Insurance Ltd. in accordance with regulatory requirements.,"As required by regulations, we capitalized Arcata National Insurance Ltd.",N
Employees donated essential tools and resources to benefit the young students.,The young students benefited from the employees' donations of necessary equipment and supplies.,CR
We also operate our plants efficiently using captured waste heat.,We utilize captured waste heat to efficiently run our facilities.,CC
We want our employees to be as proud of Olin as we are of them.,We want the people who work for Olin to share our pride in them.,HC
This Code supplements our business conduct policy.,This Code is an addition to our code of conduct for employees.,BE
Prologis employees made blood donations which supported local medical systems.,"Employees of Prologis donated blood, helping the community's healthcare systems.",CR
The Code of Ethics for Financial Professionals is intended to supplement the Citi Code of Conduct.,The Citi Code of Conduct is meant to be supplemented by the Code of Ethics for Financial Professionals.,BE
These new bags even have a knitted paper handle and contain 80 percent recycled fiber.,These innovative bags comprise 80% recycled fiber and even feature a knitted paper handle.,PW
We work continuously to improve energy efficiency in our facilities and operations.,We constantly strive to make our facilities and operations more energy efficient.,CC
"Our 2014 fiscal year ended on Dec. 28, 2014, and encompassed a 52-week period.","Our 2014 fiscal year, which covered a 52-week period, came to a close on December 28, 2014.",N
"To achieve this , we donate our time, tickets , funds , and , most importantly, our LUV.","We give our time, tickets, money, and most importantly, our LUV to accomplish this.",CR
We use powerful encryption and other security safeguards to protect customer data.,"To protect consumer data, we employ robust encryption and other security measures.",PL
Agilent's CO2 air emissions are associated with indirect sources.,Indirect sources are linked to Agilent's CO2 air emissions.,CC
"Overall, our efforts have prevented 38 million pounds of materials from being sent to landfills.",38 million pounds of material have been saved from landfills as a result of our efforts.,PW
We are making progress in identifying viable replacements for nonrenewable materials.,Finding workable substitutes for nonrenewable resources is progressing.,NC
"For example, Ford spent $3,227,295 on lobbying in California from 2010 2018.","For instance, between 2010 and 2018, Ford spent $3,227,295 on lobbying in California.",BE
We were one of eight banks recognized for outstanding commitment to our communities .,One of eight banks honored for exceptional dedication to local communities was us.,CR
We have reset our waste diversion target to 60% by 2025.,Our new trash diversion goal for 2025 is 60%.,PW
"If requested, employees are expected to participate in an investigation of a report.",Employees are expected to take part in a report investigation if asked.,BE
"Left, KXTV employees volunteer at a Habitat for Humanity Rock the Block event.",Volunteers from KXTV work at a Habitat for Humanity Rock the Block event on the left.,CR
Caterpillar has supported the United Way for more than 60 years through our annual campaign.,"Through our yearly campaign, Caterpillar has contributed to the United Way for more than 60 years.",CR
We will continue to offer good medical benefits that protect our employees’ health and well being.,We will continue to provide our employees with quality medical benefits that safeguard their health and wellbeing.,HC
Safety is a core value and a key priority at Xcel Energy.,"At Xcel Energy, safety is a top priority and a core value.",BE
"Making this change reduced the site’s paper waste by 700 kilograms annually, saving $2,000 in costs.","By making this adjustment, the location reduced its annual paper waste by 700 kg, saving $2,000 in trash disposal fees.",PW
These NOVs can result in fines or penalties.,Penalties or fines may be imposed for these NOVs.,BE
The Audit Committee did not delegate any such pre-approval authority in fiscal 2009.,"In fiscal 2009, the Audit Committee did not grant any such pre-approval authority.",CG
All aluminum beverage can plants have wastewater treatment systems.,All beverage can factories that use aluminum have wastewater treatment facilities.,PW
"Girls Camps are a joint project between Nike and NFL Charities, hosted by college campuses.","Nike and NFL Charities have collaborated to create Girls Camps, which are held on college campuses.",CR
This also created a new source of income in the form of direct payments from sold carbon credits.,Direct payments from sold carbon credits become a new source of income as a result of this.,CC
Green leasing remains an important part of our tenant engagement strategy.,Our tenant engagement approach continues to include green leasing on a significant level.,CC
These amounts are shown by major operating area on pages F-37 and F-38 of this Form 10-K report.,"In this Form 10-K report, pages F-37 and F-38 list these sums by major operational location.",N
The Company will continue to assess the value of all its assets on an on-going basis.,The Company will continue to regularly evaluate the value of all of its assets.,N
Workers must be free to terminate employment at any time upon reasonable notice.,Employees must be allowed to leave their jobs at any time with adequate notice.,HC
Each common share is entitled to one vote on each matter to be voted on at the 2010 Annual Meeting.,"On each issue up for vote at the 2010 Annual Meeting, each Common Share has one vote.",CG
We focus on minimizing the impact our water use has on regions where we operate.,Our main goal is to have as little of an impact as possible on the areas in which we operate.,NC
Our commitment in this area places equal importance on information security and consumer privacy.,Information security and consumer privacy are equally important to us in this regard.,PL
"The products we transport are used every day for clean power generation, heating and industrial use.","Every day, the goods we deliver are used for industrial purposes, heating, and the production of clean energy.",CC
"GRI is a universally applicable, comparable framework that facilitates transparency and accuracy.","GRI is a framework that can be used wherever and is comparable, which promotes accuracy and transparency.",CG
Companies found to be out of compliance can face severe fines or seizure of products.,Businesses who are found to be in violation risk receiving harsh fines or having their items seized.,BE
"The process uses recycled leather scraps from the tannery floor, once destined for landfill.",The procedure makes use of formerly destined for landfill leather scraps from the tannery floor.,PW
"We also continue to use alternative water sources in Texas, Oklahoma and Egypt.","In Texas, Oklahoma, and Egypt, we still use other water sources.",NC
"In total, approximately 230,000 of our natural gas customers were affected in these areas.","A total of 230,000 of our natural gas customers in these areas were impacted.",N
"However, Agilent has still embarked on local water conservation programs at many of our sites.",Agilent has nevertheless started regional water conservation initiatives at many of our locations.,NC
We will install additional energy monitoring devices in our operations going forward.,"Moving forward, we'll add more energy-monitoring equipment to our operations.",CC
Employees calling this hotline can remain anonymous.,Callers to this hotline from employees can remain anonymous.,HC
"Due to monitoring and enhanced resident education, our waste diversion rate reached 13% in 2020.",Our garbage diversion rate increased to 13% in 2020 as a result of monitoring and better resident education.,PW
Our Conduct Risk Framework Ensures Ethical Practices .,Ethical practices are guaranteed by our conduct risk framework.,BE
"In 2001-02, SBC made at least $1,480,645.00 in political contributions.","SBC donated at least $1,480,645.00 to politics in 2001-02.",BE
This proposal does not encompass lobbying spending.,Spending on lobbying is not included in this suggestion.,BE
All employees are required to read and be trained on the code.,Each employee must read the code and receive training on it.,HC
We take our responsibilities for privacy and security of customer data seriously.,We take seriously our obligations to protect customer data privacy and security.,PL
We protect the confidentiality of employee communications on sensitive matters.,Employee communications about delicate topics are kept confidential.,HC
In 2007 AEP’s philanthropic investments totaled $15.6 million.,The entire amount donated to charity by AEP in 2007 was $15.6 million.,CR
The executive committee did not meet during 2008.,"During 2008, the executive committee didn't meet.",CG
"We invest in, develop and use advanced technology to help safeguard information.",We make investments in cutting-edge technology and work to develop and implement it.,PL
Take a look at where we are and what we’re doing to slow down climate change.,Examine our current situation and our efforts to halt climate change.,CC
Our community involvement program is known collectively as 'Agilent Action'.,"Our community engagement initiative is referred to as ""Agilent Action"" as a whole.",CR
"From 2013 to 2019, we reduced our emissions per square foot by 21%.",We made a 21% reduction in emissions per square foot between 2013 and 2019.,CC
We are developing recommendations to strengthen our customer privacy standards accordingly.,"Accordingly, we are creating suggestions to tighten our customer privacy standards.",PL
All donations went to families in need in and around the Reston area.,Every donation was given to needy families in and around the Reston region.,CR
Diversity is also a consideration when seeking candidates for the Board.,"When looking for people to join the Board, diversity is another factor.",CG
This initiative will also drive progress toward our 2025 GHG emissions reduction goal.,"Additionally, this project will help us get closer to our 2025 target for reducing GHG emissions.",CC
"Year-over-year, the U.S. dollar generally depreciated versus local currencies.",The U.S. dollar generally lost value in relation to local currencies year over year.,N
"This data is comparable to Equal Employment Opportunity, or EEO-1, reported data.","Equal Employment Opportunity, or EEO-1, reported statistics can be compared to these numbers.",HC
We continuously monitor anti-corruption legislation and liability risks across the globe.,We always keep an eye on global liability threats and anti-corruption legislation.,BE
We share these safety innovations openly with others in the industry.,We publicly communicate these safety innovations with other business stakeholders.,HC
We’re proud of the strong relationships we’ve built with our unions over the years.,We take great pride in the solid bonds we've established with our unions throughout the years.,HC
Our coal and natural gas supply chains rely on water to mine the coal and extract the natural gas.,Water is used in our coal and natural gas supply chains to mine coal and extract natural gas.,NC
"More than 100,000 people in Aceh have been helped by the company’s efforts.","The company's efforts have benefited more than 100,000 Acehnese.",CR
Suppliers are required to submit an annual Conflict Minerals Reporting Template (CMRT) to Ford.,Ford requests an annual Conflict Minerals Reporting Template (CMRT) from suppliers.,NC
"For example, we participate annually in the CDP Water Survey.","For instance, each year, we take part in the CDP Water Survey.",NC
The U.S. credit facilities are used to support Apache's commercial paper program.,The commercial paper program for Apache is supported by the American credit facilities.,N
"In 2009, we expanded our discussions to include water risks.",We widened our discussions to cover water risks in 2009.,NC
We have processes and systems to protect privacy while ensuring information security .,We have policies and procedures in place to safeguard information security while preserving privacy.,PL
"Use of land can affect biodiversity, including ecological habitats and species.","Land use has an impact on biological ecosystems, species, and biodiversity.",NC
All employees are expected to comply with these standards.,All workers are required to abide by these guidelines.,HC
Our company supports communities near its operations in a variety of ways.,"In many different ways, our organization helps the local communities where it has operations.",CR
"As of the end of fiscal 2013, each director was in compliance with this stock ownership requirement.","Each Director was in compliance with such stock ownership requirement as of the fiscal year ended December 31, 2013.",CG
A June 1996 Life magazine article (see top page) branded Nike as a child labor company.,Nike was labeled as a child labor employer in a Life magazine article from June 1996 (see top page).,HC
The majority of Southwest’s e-waste stream is repurposed.,The vast majority of Southwest's electronic waste stream is recycled.,PW
The highest level of HSE performance standards are followed for workplace execution.,Workplace execution adheres to the highest degree of HSE performance criteria.,HC
We track water use and savings oppor tunities at our facilities with the AT&T Water Scorecard .,"Using the AT&T Water Scorecard, we monitor water use and cost-saving opportunities at our sites.",NC
"Southwest offers a total of 18 humanitarian flights carrying 1,288 at zero cost to the Passengers.","Southwest provides a total of 18 flights for humanitarian purposes carrying 1,288 passengers at no cost to the passengers.",PL
A primary focus is supporting capacity building for diverse businesses.,Supporting the capacity-building of varied businesses is a main priority.,CR
The $46 million pre-tax charge reduced net income per diluted share by $0.39.,The pre-tax charge of $46 million decreased net income by $0.39 per diluted share.,N
We are actively involved in improving the quality of life in the communities we serve.,"In the communities we serve, we take an active role in enhancing the quality of life.",CR
Named executive officers other than the CEO have no role in setting pay for executive officers.,Executive officers' salaries are not decided by any named executive officers save the CEO.,CG
This helps build local economies and improve livelihoods.,This enhances livelihoods and strengthens local economies.,CR
ChevronTexaco has spent more than US$3 billion on such cleanups since 1980.,"Since 1980, ChevronTexaco has invested more than US$3 billion in these cleanups.",PW
We also recognize diversity as a business imperative and an investment in our future.,We also understand that diversity is both a necessity for business and an investment in the future.,HC
"In 2012, we continued to support our ongoing water conservation projects.",We kept funding our ongoing water conservation efforts in 2012.,NC
Use of recycled materials in the manufacturing and packaging of products.,Utilization of recycled materials in product manufacturing and packaging.,PW
General Mills is also working to build a safer global food system.,The creation of a more secure global food chain is another goal of General Mills.,PL
It’s our responsibility to conserve water and widely promote its stewardship.,It is our duty to encourage water management and conserve it extensively.,NC
A facility fee of 0.125% per annum is payable quarterly in arrears.,A facility fee of 0.125% annually is due in arrears on a quarterly basis.,N
"The Committee then considered and judgmentally adjusted these recommendations, as appropriate.",The Committee then gave these ideas some thought and made any necessary adjustments.,CG
"The goal is to reestablish the natural sagebrush, which is a critical part of the ecosystem.","The native sagebrush, an essential component of the ecosystem, is to be restored.",NC
Subset target: Zero-waste certification for one Humana site TBD.,Subset goal: At least one Humana facility will be certified as zero-waste.,PW
EHS safety councils report to senior management.,EHS safety councils provide upper management with reports.,CG
All twelve of the the current board members attended the 2003 annual meeting of stockholders.,The 2003 annual meeting of stockholders was attended by all twelve members of the present board.,CG
"On the other days, we traveled to remote villages to help in medical clinics.","On the other days, we made trips to isolated towns to assist with medical clinics.",CR
"SSgA also offers exchange traded funds, or ETFs, such as the SPDR® Gold ETF.","Exchange traded funds, or ETFs, are another product line provided by SSgA.",N
Any system breach may go undetected for an extended period of time.,Any system compromise could take a long time to be discovered.,PL
"Our culture is defined by our values of inclusion, integrity, innovation, impact and results.","Our principles of inclusivity, integrity, creativity, influence, and outcomes define our culture.",BE
Twenty-two interns participated in TEGNA’s 2021 summer training and mentorship program.,The summer training and mentoring program for 2021 at TEGNA featured 22 interns.,HC
Community engagement and partnership is a core Arista value.,Partnering with the community is a fundamental Arista value.,BE
We are working to ensure that restric ted substances are not used in Nike products.,We are attempting to prevent the usage of restricted materials in Nike products.,PL
The program is intended to help communities protect residents from potential chemical hazards.,The program's goal is to assist communities in shielding their citizens from potential chemical risks.,CR
"In 2019, we recycled or refurbished more than 247 tons of electronic waste.",We recycled or repaired over 247 tons of electronic debris in 2019.,PW
Information security and privacy policies are in place and periodically reviewed.,There are established and routinely evaluated information security and privacy rules.,PL
"As a user of energy, General Mills is focused on being as efficient as we can be.",General Mills is committed to using energy as efficiently as possible.,CC
The score does not indicate the presence of controversial chemicals in the finished product.,The score does not reveal whether contentious substances are present in the final product.,PL
Consumer Privacy AT&T takes customer privacy very seriously.,Customer Privacy AT&T takes the privacy of its customers very seriously.,PL
"This is a collaborative effort between Apple, suppliers, and recycling vendors.","This is a joint undertaking between Apple, its suppliers, and recycling companies.",PW
An independent third party operates the Action Line to ensure confidentiality.,The Action Line is run by a separate third party to maintain privacy.,BE
"In 2021 , Synopsys recycled or reused 139 ,443 pounds of equipment .","Synopsys recycled or repurposed 139,443 pounds of machinery in 2021.",PW
That is why Chevron extensively discloses the nature of its political activities.,Chevron exposes the details of its political activity in great detail for this reason.,BE
Program participants have signiﬁcant upward growth potential.,Participants in the program have a great opportunity for future progress.,HC
"The trial court has scheduled the trial of the claims for indemnification to begin on April 7, 2003.","The trial of the indemnity claims has been set to begin on April 7, 2003 by the trial court.",N
All IP’s lines of printing and writing paper are 100% produced from eucalyptus certified forests.,Every printing and writing paper line offered by IP is made entirely from eucalyptus certified forests.,NC
"If we elect to increase our indebtedness, then our interest expense will increase.",Our interest expenses will rise if we decide to take on more debt.,N
Solar*Connect would make access to large-scale solar available to thousands of Colorado consumers.,Numerous Colorado consumers would have access to large-scale solar energy thanks to Solar*Connect.,CC
"Reduce water consumed per 1,000 units produced globally by 4.8 percent.","global water consumption per 1,000 units produced should be cut by 4.8%.",NC
The Compensation Committee considers the net cost to Agilent.,The net cost to Agilent is taken into account by the compensation committee.,CG
"It ’s our largest project to date, producing over 560 million kWh of clean, renewable energy a year.","With an annual output of more than 560 million kWh of pure, renewable energy, it is our greatest project to date.",CC
This saves toner and electricity while adding duplex and security functionality.,This adds duplex and security functions while using less toner and electricity.,CC
The Committee independently makes all final decisions.,All final decisions are independently made by the Committee.,CG
Key to Kimco’s success is harnessing the talents of a diverse workforce.,Harnessing the talents of a diverse workforce is essential to Kimco's success.,HC
"Excluding the acquisition of Demag, operating expense decreased by $3.0 million.",Operating expense fell by $3 million when Demag wasn't included in the calculation.,N
Drip irrigation (left) uses about 50 percent less water than conventional furrow irrigation.,About half as much water is used for drip irrigation (left) as for traditional furrow irrigation.,NC
"In 2020, we launched the CyberSmart employee security awareness and education initiative.",We started the campaign for CyberSmart employee security awareness and education in 2020.,HC
"These compostable products break down much faster than Styrofoam, leaving more room in landfills.","Compared to Styrofoam, these compostable materials decompose significantly more quickly, freeing up more space in landfills.",PW
"However, there were several important updates to privacy compliance we continued to monitor.","However, there were a number of significant modifications to privacy compliance that we kept an eye on.",BE
"Amount of material iPad Air 2 saves, by weight, compared with the first iPad.","By weight, the iPad Air 2 uses less material than the original iPad.",PW
We also look for opportunities to increase water efficiency and recycle wastewater where feasible.,We also search for chances to improve water usage and recycle wastewater when it can be done.,NC
RDS rates are lost-time incident rates for injuries only.,RDS rates are merely incidence rates for lost-time injuries.,HC
"To us, driver safety is not just about making safer vehicles.","To us, improving vehicle safety is not enough to ensure driver safety.a",PL
Ms. Gordon serves on the board of trustees of The Conference Board.,The Conference Board's board of trustees has Ms. Gordon on it.,CG
The DOT may impose civil penalties on air carriers for violations of its regulations in these areas.,"For infractions of these laws, the DOT may impose civil penalties on air carriers.",BE
This policy prohibits payment of bribes and the acceptance of inappropriate payments or gifts.,The payment of bribes and the acceptance of improper payments or gifts are prohibited by this policy.,BE
Oil production revenue after hedging increased $52.0 million in 2001 compared with 2000.,Revenue from oil output after hedging increased by $52.0 million in 2001 over 2000.,N
"Last year equipment remanufacture diverted 361,530 pounds of waste from recycling to reuse.","Remanufactured equipment diverted 361,530 pounds of garbage from recycling to reuse last year.",PW
We investigate the complaint if permitted by applicable law.,"If allowed by the relevant legal requirements, we look into the complaint.",BE
We’re always evaluating new technology and practices that can make the use of our products safer.,We are constantly assessing new techniques and technologies that could make using our products safer.,PL
